Datetime,Water Level (m)
2026-06-20 06:00:00,-1.204726
2026-06-20 07:00:00,1.073315
2026-06-20 08:00:00,2.0283096
2026-06-20 09:00:00,2.3884184
2026-06-20 10:00:00,2.1884925
2026-06-20 11:00:00,1.5123388
2026-06-20 12:00:00,0.8098109
2026-06-20 13:00:00,0.1958242
2026-06-20 14:00:00,-0.32530478
2026-06-20 15:00:00,-0.6831122
2026-06-20 16:00:00,-0.9747449
2026-06-20 17:00:00,-1.146517
2026-06-20 18:00:00,-0.74635935
2026-06-20 19:00:00,0.5471935
2026-06-20 20:00:00,1.2732073
2026-06-20 21:00:00,1.7759448
2026-06-20 22:00:00,1.8989844
2026-06-20 23:00:00,1.5517395
2026-06-21 00:00:00,0.9423163
2026-06-21 01:00:00,0.328247
2026-06-21 02:00:00,-0.17987418
2026-06-21 03:00:00,-0.5333143
2026-06-21 04:00:00,-0.79966867
2026-06-21 05:00:00,-0.9531914
2026-06-21 06:00:00,-0.7055085
2026-06-21 07:00:00,0.43503362
2026-06-21 08:00:00,1.2036353
2026-06-21 09:00:00,1.8284402
2026-06-21 10:00:00,2.1441545
2026-06-21 11:00:00,1.9428451
2026-06-21 12:00:00,1.3627003
2026-06-21 13:00:00,0.6922268
2026-06-21 14:00:00,0.08831221
2026-06-21 15:00:00,-0.34827608
2026-06-21 16:00:00,-0.6363101
2026-06-21 17:00:00,-0.83682805
2026-06-21 18:00:00,-0.7884625
2026-06-21 19:00:00,0.03768448
2026-06-21 20:00:00,0.8371055
2026-06-21 21:00:00,1.373775
2026-06-21 22:00:00,1.7416912
2026-06-21 23:00:00,1.7787949
2026-06-22 00:00:00,1.4761759
2026-06-22 01:00:00,0.9616419
2026-06-22 02:00:00,0.36672762
2026-06-22 03:00:00,-0.11714521
2026-06-22 04:00:00,-0.47970608
2026-06-22 05:00:00,-0.746654
2026-06-22 06:00:00,-0.89150935
2026-06-22 07:00:00,-0.55431205
2026-06-22 08:00:00,0.61740077
2026-06-22 09:00:00,1.2527375
2026-06-22 10:00:00,1.727089
2026-06-22 11:00:00,1.8729209
2026-06-22 12:00:00,1.6156124
2026-06-22 13:00:00,1.0974079
2026-06-22 14:00:00,0.4933465
2026-06-22 15:00:00,0.007059397
2026-06-22 16:00:00,-0.35732263
2026-06-22 17:00:00,-0.61400044
2026-06-22 18:00:00,-0.785298
2026-06-22 19:00:00,-0.78931344
2026-06-22 20:00:00,-0.19032279
2026-06-22 21:00:00,0.62010044
2026-06-22 22:00:00,1.152072
2026-06-22 23:00:00,1.554312
2026-06-23 00:00:00,1.6558926
2026-06-23 01:00:00,1.3949487
2026-06-23 02:00:00,0.92445177
2026-06-23 03:00:00,0.42880952
2026-06-23 04:00:00,-0.016064523
2026-06-23 05:00:00,-0.32645193
2026-06-23 06:00:00,-0.54575133
2026-06-23 07:00:00,-0.61134857
2026-06-23 08:00:00,-0.124447405
2026-06-23 09:00:00,0.7070771
2026-06-23 10:00:00,1.2180692
2026-06-23 11:00:00,1.6675967
2026-06-23 12:00:00,1.8244147
2026-06-23 13:00:00,1.605127
2026-06-23 14:00:00,1.1182034
2026-06-23 15:00:00,0.5511737
2026-06-23 16:00:00,0.057408363
2026-06-23 17:00:00,-0.3111583
2026-06-23 18:00:00,-0.5597719
2026-06-23 19:00:00,-0.72012895
2026-06-23 20:00:00,-0.63311523
2026-06-23 21:00:00,-0.002016462
2026-06-23 22:00:00,0.6821264
2026-06-23 23:00:00,1.1794746
2026-06-24 00:00:00,1.5853763
2026-06-24 01:00:00,1.6228708
2026-06-24 02:00:00,1.3595861
2026-06-24 03:00:00,0.871009
2026-06-24 04:00:00,0.37474748
2026-06-24 05:00:00,-0.054538045
2026-06-24 06:00:00,-0.3364518
2026-06-24 07:00:00,-0.50443643
2026-06-24 08:00:00,-0.5048095
2026-06-24 09:00:00,-0.026996022
2026-06-24 10:00:00,0.610625
2026-06-24 11:00:00,1.0610411
2026-06-24 12:00:00,1.4131614
2026-06-24 13:00:00,1.5209694
2026-06-24 14:00:00,1.3249389
2026-06-24 15:00:00,0.8659777
2026-06-24 16:00:00,0.37417445
2026-06-24 17:00:00,-0.072828084
2026-06-24 18:00:00,-0.38040143
2026-06-24 19:00:00,-0.60563684
2026-06-24 20:00:00,-0.73785573
2026-06-24 21:00:00,-0.6454601
2026-06-24 22:00:00,-0.053351294
2026-06-24 23:00:00,0.60527235
2026-06-25 00:00:00,1.1083165
2026-06-25 01:00:00,1.5464214
2026-06-25 02:00:00,1.6793327
2026-06-25 03:00:00,1.5055428
2026-06-25 04:00:00,1.065325
2026-06-25 05:00:00,0.5328985
2026-06-25 06:00:00,0.06309
2026-06-25 07:00:00,-0.26407745
2026-06-25 08:00:00,-0.47467828
2026-06-25 09:00:00,-0.51875615
2026-06-25 10:00:00,-0.109704226
2026-06-25 11:00:00,0.5272905
2026-06-25 12:00:00,0.9507903
2026-06-25 13:00:00,1.3044248
2026-06-25 14:00:00,1.4287564
2026-06-25 15:00:00,1.300697
2026-06-25 16:00:00,0.9434635
2026-06-25 17:00:00,0.4563839
2026-06-25 18:00:00,-0.011604169
2026-06-25 19:00:00,-0.36338577
2026-06-25 20:00:00,-0.61796796
2026-06-25 21:00:00,-0.7983133
2026-06-25 22:00:00,-0.7585091
2026-06-25 23:00:00,-0.026146641
2026-06-26 00:00:00,0.7661594
2026-06-26 01:00:00,1.2862601
2026-06-26 02:00:00,1.689659
2026-06-26 03:00:00,1.7815412
2026-06-26 04:00:00,1.5590422
2026-06-26 05:00:00,1.0831667
2026-06-26 06:00:00,0.5321216
